{
  "lcoh": {
    "dh": {
      "p05": 49.84113784906931,
      "p50": 62.865167447075194,
      "p95": 76.34603544560946,
      "mean": 62.99449631404192,
      "std": 8.297616791155123
    },
    "hp": {
      "p05": 97.80349143299526,
      "p50": 123.66220204086852,
      "p95": 150.2106439951631,
      "mean": 123.82459993165675,
      "std": 16.332071988851727
    }
  },
  "co2": {
    "dh": {
      "p05": 1116.3394247311826,
      "p50": 1116.3394247311826,
      "p95": 1116.3394247311826,
      "mean": 1116.3394247311826,
      "std": 0.0
    },
    "hp": {
      "p05": 673.1041721429544,
      "p50": 1006.8385931644,
      "p95": 1463.0420306957199,
      "mean": 1031.7076966373666,
      "std": 242.35529026587776
    }
  },
  "monte_carlo": {
    "dh_wins_fraction": 1.0,
    "hp_wins_fraction": 0.0,
    "dh_wins_co2_fraction": 0.35,
    "hp_wins_co2_fraction": 0.65,
    "n_samples": 500,
    "n_valid": 500
  }
}