{
  "lcoh": {
    "dh": {
      "p05": 52.25947890498206,
      "p50": 65.58356297675915,
      "p95": 79.23363047567506,
      "mean": 65.5801158271889,
      "std": 8.468377984794515
    },
    "hp": {
      "p05": 97.80349143299526,
      "p50": 123.66220204086852,
      "p95": 150.2106439951631,
      "mean": 123.82459993165668,
      "std": 16.332071988851737
    }
  },
  "co2": {
    "dh": {
      "p05": 1116.3394247311826,
      "p50": 1116.3394247311826,
      "p95": 1116.3394247311826,
      "mean": 1116.3394247311962,
      "std": 1.3656083444917152e-11
    },
    "hp": {
      "p05": 673.1041721429544,
      "p50": 1006.8385931644,
      "p95": 1463.0420306957199,
      "mean": 1031.7076966373666,
      "std": 242.35529026587773
    }
  },
  "monte_carlo": {
    "dh_wins_fraction": 1.0,
    "hp_wins_fraction": 0.0,
    "dh_wins_co2_fraction": 0.35,
    "hp_wins_co2_fraction": 0.65,
    "n_samples": 500,
    "n_valid": 500
  }
}